-- ============================================
  -- RaftaarRide: Data Migration Script
  -- From: Replit PostgreSQL → Railway PostgreSQL
  -- Generated: 2026-05-01T17:57:57.578Z
  -- ============================================

  -- Table: users (1 rows)
INSERT INTO users ("id", "name", "email", "phone", "status", "created_at", "password_hash", "otp_code", "otp_expires_at", "is_verified", "photo_url", "gender", "wallet_balance", "preferred_language", "push_token") VALUES (20, 'Amit Kumar', NULL, '+919927230585', 'active', '2026-05-01T09:03:30.434889', NULL, NULL, NULL, true, NULL, 'male', 0, 'hi', NULL) ON CONFLICT (id) DO NOTHING;

-- Table: drivers (4 rows)
INSERT INTO drivers ("id", "name", "email", "phone", "vehicle_type", "vehicle_number", "rating", "status", "total_earnings", "total_rides", "created_at", "is_online", "driver_lat", "driver_lng", "password_hash", "license_number", "photo_url", "wallet_balance", "kyc_status", "preferred_language", "push_token") VALUES (15, 'Amit Mishra', 'amit34gghhc@gmail.com', '+919012317388', 'bike', 'DF1DFG234', 4.5, 'active', 0, 0, '2026-05-01T11:51:58.707565', false, 29.075239, 77.27713, '$2b$10$YJMKNxFOkTbQnrZIurJwI.hnD/Wap6OEECzwQAdsbJfgIqvuiIxJi', NULL, NULL, 200, 'pending', 'hi', NULL) ON CONFLICT (id) DO NOTHING;
INSERT INTO drivers ("id", "name", "email", "phone", "vehicle_type", "vehicle_number", "rating", "status", "total_earnings", "total_rides", "created_at", "is_online", "driver_lat", "driver_lng", "password_hash", "license_number", "photo_url", "wallet_balance", "kyc_status", "preferred_language", "push_token") VALUES (16, 'Arun Gupta', 'arun63hsj637@gmail.com', '+918218542218', 'prime', 'DK3GHS2638', 4.5, 'active', 0, 0, '2026-05-01T14:12:38.928624', false, 29.07524, 77.277131, '$2b$10$K4grQO2r.NAv.Rc/MjOcYO1CkiVYnGG.gH.cixxvkfyLcQ2whfa/u', NULL, NULL, 500, 'pending', 'hi', NULL) ON CONFLICT (id) DO NOTHING;
INSERT INTO drivers ("id", "name", "email", "phone", "vehicle_type", "vehicle_number", "rating", "status", "total_earnings", "total_rides", "created_at", "is_online", "driver_lat", "driver_lng", "password_hash", "license_number", "photo_url", "wallet_balance", "kyc_status", "preferred_language", "push_token") VALUES (17, 'Aryan Sharma', 'aryan647hdjdj@gmail.com', '+915846732598', 'suv', 'GJ637HDD673', 4.5, 'active', 0, 0, '2026-05-01T14:38:31.935231', false, 29.07524, 77.277131, '$2b$10$Qnv1djY1qtIHkP/CbJo9CucOwPF3CgUaleBm51RwH.DiQQTesHR7q', NULL, NULL, 0, 'pending', 'hi', NULL) ON CONFLICT (id) DO NOTHING;
INSERT INTO drivers ("id", "name", "email", "phone", "vehicle_type", "vehicle_number", "rating", "status", "total_earnings", "total_rides", "created_at", "is_online", "driver_lat", "driver_lng", "password_hash", "license_number", "photo_url", "wallet_balance", "kyc_status", "preferred_language", "push_token") VALUES (18, 'Rampal Singh', 'rampal3737@gmail.com', '+915836485726', 'auto', 'DL4HDJ637', 4.5, 'active', 0, 0, '2026-05-01T16:09:04.977072', false, 29.07524, 77.277129, '$2b$10$SMwLXau13w/9P7N0ouEXYOcIrsHPFWBVde6hYApEso1XtmjmWR0D.', NULL, NULL, 5000, 'pending', 'hi', NULL) ON CONFLICT (id) DO NOTHING;

-- Table: rides (8 rows)
INSERT INTO rides ("id", "user_id", "driver_id", "pickup", "destination", "vehicle_type", "ride_mode", "price", "status", "created_at", "pickup_lat", "pickup_lng", "drop_lat", "drop_lng", "distance_km", "scheduled_at", "is_scheduled", "commission_amount", "driver_earning", "user_rating", "completion_pin", "payment_method", "cash_collected") VALUES (207, 20, NULL, 'Connaught Place, New Delhi', 'घर — सेक्टर 62, नोएडा', 'bike', 'economy', 37, 'cancelled', '2026-05-01T10:57:13.903807', 29.075241, 77.277124, 28.7041, 77.1025, 8.2, NULL, false, 0, 0, NULL, NULL, 'Cash', false) ON CONFLICT (id) DO NOTHING;
INSERT INTO rides ("id", "user_id", "driver_id", "pickup", "destination", "vehicle_type", "ride_mode", "price", "status", "created_at", "pickup_lat", "pickup_lng", "drop_lat", "drop_lng", "distance_km", "scheduled_at", "is_scheduled", "commission_amount", "driver_earning", "user_rating", "completion_pin", "payment_method", "cash_collected") VALUES (208, 20, NULL, '37GG+3H7, Meerut Division, Badka', 'Home — Sector 62, Noida', 'bike', 'economy', 44, 'cancelled', '2026-05-01T16:45:10.364619', 29.07524, 77.277129, 28.7041, 77.1025, 8.2, NULL, false, 0, 0, NULL, NULL, 'Cash', false) ON CONFLICT (id) DO NOTHING;
INSERT INTO rides ("id", "user_id", "driver_id", "pickup", "destination", "vehicle_type", "ride_mode", "price", "status", "created_at", "pickup_lat", "pickup_lng", "drop_lat", "drop_lng", "distance_km", "scheduled_at", "is_scheduled", "commission_amount", "driver_earning", "user_rating", "completion_pin", "payment_method", "cash_collected") VALUES (209, 20, NULL, 'Connaught Place, New Delhi', 'Home — Sector 62, Noida', 'suv', 'fast', 279, 'cancelled', '2026-05-01T17:09:24.743846', 29.075555, 77.276612, 28.7041, 77.1025, 8.2, NULL, false, 0, 0, NULL, NULL, 'Cash', false) ON CONFLICT (id) DO NOTHING;
INSERT INTO rides ("id", "user_id", "driver_id", "pickup", "destination", "vehicle_type", "ride_mode", "price", "status", "created_at", "pickup_lat", "pickup_lng", "drop_lat", "drop_lng", "distance_km", "scheduled_at", "is_scheduled", "commission_amount", "driver_earning", "user_rating", "completion_pin", "payment_method", "cash_collected") VALUES (210, 20, NULL, 'Connaught Place, New Delhi', 'Home — Sector 62, Noida', 'prime', 'economy', 160, 'cancelled', '2026-05-01T17:22:47.614625', 29.075241, 77.277124, 28.7041, 77.1025, 8.2, NULL, false, 0, 0, NULL, NULL, 'Cash', false) ON CONFLICT (id) DO NOTHING;
INSERT INTO rides ("id", "user_id", "driver_id", "pickup", "destination", "vehicle_type", "ride_mode", "price", "status", "created_at", "pickup_lat", "pickup_lng", "drop_lat", "drop_lng", "distance_km", "scheduled_at", "is_scheduled", "commission_amount", "driver_earning", "user_rating", "completion_pin", "payment_method", "cash_collected") VALUES (211, 20, NULL, 'Connaught Place, New Delhi', 'Office — Connaught Place', 'bike', 'economy', 44, 'searching', '2026-05-01T17:27:07.056267', 29.075241, 77.277124, 28.7041, 77.1025, 8.2, NULL, false, 0, 0, NULL, NULL, 'Cash', false) ON CONFLICT (id) DO NOTHING;
INSERT INTO rides ("id", "user_id", "driver_id", "pickup", "destination", "vehicle_type", "ride_mode", "price", "status", "created_at", "pickup_lat", "pickup_lng", "drop_lat", "drop_lng", "distance_km", "scheduled_at", "is_scheduled", "commission_amount", "driver_earning", "user_rating", "completion_pin", "payment_method", "cash_collected") VALUES (212, 20, NULL, 'Connaught Place, New Delhi', 'Home — Sector 62, Noida', 'bike', 'economy', 44, 'cancelled', '2026-05-01T17:31:32.916805', 29.075241, 77.277124, 28.7041, 77.1025, 8.2, NULL, false, 0, 0, NULL, NULL, 'Cash', false) ON CONFLICT (id) DO NOTHING;
INSERT INTO rides ("id", "user_id", "driver_id", "pickup", "destination", "vehicle_type", "ride_mode", "price", "status", "created_at", "pickup_lat", "pickup_lng", "drop_lat", "drop_lng", "distance_km", "scheduled_at", "is_scheduled", "commission_amount", "driver_earning", "user_rating", "completion_pin", "payment_method", "cash_collected") VALUES (213, 20, NULL, 'Connaught Place, New Delhi', 'Home — Sector 62, Noida', 'auto', 'economy', 110, 'cancelled', '2026-05-01T17:32:09.79883', 29.075241, 77.277124, 28.7041, 77.1025, 8.2, NULL, false, 0, 0, NULL, NULL, 'Cash', false) ON CONFLICT (id) DO NOTHING;
INSERT INTO rides ("id", "user_id", "driver_id", "pickup", "destination", "vehicle_type", "ride_mode", "price", "status", "created_at", "pickup_lat", "pickup_lng", "drop_lat", "drop_lng", "distance_km", "scheduled_at", "is_scheduled", "commission_amount", "driver_earning", "user_rating", "completion_pin", "payment_method", "cash_collected") VALUES (214, 20, NULL, 'Connaught Place, New Delhi', 'Office — Connaught Place', 'auto', 'economy', 110, 'cancelled', '2026-05-01T17:36:20.241879', 29.075241, 77.277124, 28.7041, 77.1025, 8.2, NULL, false, 0, 0, NULL, NULL, 'Cash', false) ON CONFLICT (id) DO NOTHING;

-- Table: wallet_transactions (37 rows)
INSERT INTO wallet_transactions ("id", "user_id", "driver_id", "type", "amount", "description", "ride_id", "created_at") VALUES (12, NULL, 15, 'credit', 500, 'Admin credit — ₹500 — Bonus [2026-05-01]', NULL, '2026-05-01T11:55:44.405541') ON CONFLICT (id) DO NOTHING;
INSERT INTO wallet_transactions ("id", "user_id", "driver_id", "type", "amount", "description", "ride_id", "created_at") VALUES (13, NULL, 15, 'withdrawal', -200, 'Withdrawal request via UPI — ₹200', NULL, '2026-05-01T11:57:30.904918') ON CONFLICT (id) DO NOTHING;
INSERT INTO wallet_transactions ("id", "user_id", "driver_id", "type", "amount", "description", "ride_id", "created_at") VALUES (14, NULL, 15, 'credit', 200, 'Auto-refund: withdrawal rejected (invalid details) — ₹200', NULL, '2026-05-01T11:57:30.913363') ON CONFLICT (id) DO NOTHING;
INSERT INTO wallet_transactions ("id", "user_id", "driver_id", "type", "amount", "description", "ride_id", "created_at") VALUES (15, NULL, 15, 'withdrawal', -500, 'Withdrawal request via UPI — ₹500', NULL, '2026-05-01T11:59:42.189606') ON CONFLICT (id) DO NOTHING;
INSERT INTO wallet_transactions ("id", "user_id", "driver_id", "type", "amount", "description", "ride_id", "created_at") VALUES (16, NULL, 15, 'credit', 500, 'Auto-refund: withdrawal rejected (invalid details) — ₹500', NULL, '2026-05-01T11:59:42.198592') ON CONFLICT (id) DO NOTHING;
INSERT INTO wallet_transactions ("id", "user_id", "driver_id", "type", "amount", "description", "ride_id", "created_at") VALUES (17, NULL, 15, 'withdrawal', -500, 'Withdrawal request via PAYTM — ₹500', NULL, '2026-05-01T12:00:21.868859') ON CONFLICT (id) DO NOTHING;
INSERT INTO wallet_transactions ("id", "user_id", "driver_id", "type", "amount", "description", "ride_id", "created_at") VALUES (18, NULL, 15, 'credit', 1000, 'Admin credit — ₹1000 — Bonus [2026-05-01]', NULL, '2026-05-01T12:05:46.503392') ON CONFLICT (id) DO NOTHING;
INSERT INTO wallet_transactions ("id", "user_id", "driver_id", "type", "amount", "description", "ride_id", "created_at") VALUES (19, NULL, 15, 'withdrawal', -500, 'Withdrawal request via PAYTM — ₹500', NULL, '2026-05-01T12:06:25.717345') ON CONFLICT (id) DO NOTHING;
INSERT INTO wallet_transactions ("id", "user_id", "driver_id", "type", "amount", "description", "ride_id", "created_at") VALUES (20, NULL, 15, 'withdrawal', -500, 'Withdrawal request via PAYTM — ₹500', NULL, '2026-05-01T12:10:30.875332') ON CONFLICT (id) DO NOTHING;
INSERT INTO wallet_transactions ("id", "user_id", "driver_id", "type", "amount", "description", "ride_id", "created_at") VALUES (21, NULL, 15, 'withdrawal', -500, 'Withdrawal request via UPI — ₹500', NULL, '2026-05-01T12:14:50.844097') ON CONFLICT (id) DO NOTHING;
INSERT INTO wallet_transactions ("id", "user_id", "driver_id", "type", "amount", "description", "ride_id", "created_at") VALUES (22, NULL, 15, 'credit', 500, 'Auto-refund: withdrawal rejected (invalid details) — ₹500', NULL, '2026-05-01T12:14:50.853459') ON CONFLICT (id) DO NOTHING;
INSERT INTO wallet_transactions ("id", "user_id", "driver_id", "type", "amount", "description", "ride_id", "created_at") VALUES (23, NULL, 15, 'withdrawal', -500, 'Withdrawal request via UPI — ₹500', NULL, '2026-05-01T12:15:42.023686') ON CONFLICT (id) DO NOTHING;
INSERT INTO wallet_transactions ("id", "user_id", "driver_id", "type", "amount", "description", "ride_id", "created_at") VALUES (24, NULL, 15, 'withdrawal', -500, 'Withdrawal request via UPI — ₹500', NULL, '2026-05-01T12:23:27.429385') ON CONFLICT (id) DO NOTHING;
INSERT INTO wallet_transactions ("id", "user_id", "driver_id", "type", "amount", "description", "ride_id", "created_at") VALUES (25, NULL, 15, 'credit', 600, 'Admin se manual credit — ₹600 [2026-05-01]', NULL, '2026-05-01T13:29:37.574008') ON CONFLICT (id) DO NOTHING;
INSERT INTO wallet_transactions ("id", "user_id", "driver_id", "type", "amount", "description", "ride_id", "created_at") VALUES (26, NULL, 15, 'withdrawal', -500, 'Withdrawal request via PAYTM — ₹500', NULL, '2026-05-01T13:31:18.568153') ON CONFLICT (id) DO NOTHING;
INSERT INTO wallet_transactions ("id", "user_id", "driver_id", "type", "amount", "description", "ride_id", "created_at") VALUES (27, NULL, 15, 'withdrawal', -200, 'Withdrawal request via PAYTM — ₹200', NULL, '2026-05-01T13:40:16.150159') ON CONFLICT (id) DO NOTHING;
INSERT INTO wallet_transactions ("id", "user_id", "driver_id", "type", "amount", "description", "ride_id", "created_at") VALUES (28, NULL, 15, 'credit', 200, 'Auto-refund: withdrawal rejected (invalid details) — ₹200', NULL, '2026-05-01T13:40:16.15996') ON CONFLICT (id) DO NOTHING;
INSERT INTO wallet_transactions ("id", "user_id", "driver_id", "type", "amount", "description", "ride_id", "created_at") VALUES (29, NULL, 15, 'withdrawal', -200, 'Withdrawal request via PAYTM — ₹200', NULL, '2026-05-01T13:40:50.922101') ON CONFLICT (id) DO NOTHING;
INSERT INTO wallet_transactions ("id", "user_id", "driver_id", "type", "amount", "description", "ride_id", "created_at") VALUES (30, NULL, 15, 'credit', 200, 'Auto-refund: withdrawal rejected (invalid details) — ₹200', NULL, '2026-05-01T13:40:50.930901') ON CONFLICT (id) DO NOTHING;
INSERT INTO wallet_transactions ("id", "user_id", "driver_id", "type", "amount", "description", "ride_id", "created_at") VALUES (31, NULL, 15, 'withdrawal', -200, 'Withdrawal request via PAYTM — ₹200', NULL, '2026-05-01T13:41:23.569734') ON CONFLICT (id) DO NOTHING;
INSERT INTO wallet_transactions ("id", "user_id", "driver_id", "type", "amount", "description", "ride_id", "created_at") VALUES (32, NULL, 15, 'withdrawal', -200, 'Withdrawal request via UPI — ₹200', NULL, '2026-05-01T13:42:57.41892') ON CONFLICT (id) DO NOTHING;
INSERT INTO wallet_transactions ("id", "user_id", "driver_id", "type", "amount", "description", "ride_id", "created_at") VALUES (33, NULL, 15, 'credit', 200, 'Auto-refund: withdrawal rejected (invalid details) — ₹200', NULL, '2026-05-01T13:42:57.426734') ON CONFLICT (id) DO NOTHING;
INSERT INTO wallet_transactions ("id", "user_id", "driver_id", "type", "amount", "description", "ride_id", "created_at") VALUES (34, NULL, 15, 'withdrawal', -200, 'Withdrawal request via UPI — ₹200', NULL, '2026-05-01T13:43:58.047958') ON CONFLICT (id) DO NOTHING;
INSERT INTO wallet_transactions ("id", "user_id", "driver_id", "type", "amount", "description", "ride_id", "created_at") VALUES (35, NULL, 15, 'withdrawal', -200, 'Withdrawal request via PAYTM — ₹200', NULL, '2026-05-01T13:46:36.350324') ON CONFLICT (id) DO NOTHING;
INSERT INTO wallet_transactions ("id", "user_id", "driver_id", "type", "amount", "description", "ride_id", "created_at") VALUES (36, NULL, 15, 'withdrawal', -200, 'Withdrawal request via PAYTM — ₹200', NULL, '2026-05-01T13:47:20.278863') ON CONFLICT (id) DO NOTHING;
INSERT INTO wallet_transactions ("id", "user_id", "driver_id", "type", "amount", "description", "ride_id", "created_at") VALUES (37, NULL, 15, 'withdrawal', -200, 'Withdrawal request via UPI — ₹200', NULL, '2026-05-01T14:03:46.409696') ON CONFLICT (id) DO NOTHING;
INSERT INTO wallet_transactions ("id", "user_id", "driver_id", "type", "amount", "description", "ride_id", "created_at") VALUES (38, NULL, 15, 'credit', 200, 'Auto-refund: withdrawal rejected (invalid details) — ₹200', NULL, '2026-05-01T14:03:46.419434') ON CONFLICT (id) DO NOTHING;
INSERT INTO wallet_transactions ("id", "user_id", "driver_id", "type", "amount", "description", "ride_id", "created_at") VALUES (39, NULL, 15, 'withdrawal', -200, 'Withdrawal request via UPI — ₹200', NULL, '2026-05-01T14:05:16.623589') ON CONFLICT (id) DO NOTHING;
INSERT INTO wallet_transactions ("id", "user_id", "driver_id", "type", "amount", "description", "ride_id", "created_at") VALUES (40, NULL, 15, 'credit', 200, 'Auto-refund: withdrawal rejected (invalid details) — ₹200', NULL, '2026-05-01T14:05:16.632406') ON CONFLICT (id) DO NOTHING;
INSERT INTO wallet_transactions ("id", "user_id", "driver_id", "type", "amount", "description", "ride_id", "created_at") VALUES (41, NULL, 16, 'credit', 1000, 'Admin se manual credit — ₹1000 [2026-05-01]', NULL, '2026-05-01T14:13:38.968196') ON CONFLICT (id) DO NOTHING;
INSERT INTO wallet_transactions ("id", "user_id", "driver_id", "type", "amount", "description", "ride_id", "created_at") VALUES (42, NULL, 16, 'withdrawal', -500, 'Withdrawal request via UPI — ₹500', NULL, '2026-05-01T14:14:06.62854') ON CONFLICT (id) DO NOTHING;
INSERT INTO wallet_transactions ("id", "user_id", "driver_id", "type", "amount", "description", "ride_id", "created_at") VALUES (43, NULL, 16, 'credit', 500, '🔄 Withdrawal Rejected & Refunded ₹500 — Reason: Account details validation failed: UPI ID format galat hai', NULL, '2026-05-01T14:14:06.638664') ON CONFLICT (id) DO NOTHING;
INSERT INTO wallet_transactions ("id", "user_id", "driver_id", "type", "amount", "description", "ride_id", "created_at") VALUES (44, NULL, 16, 'withdrawal', -500, 'Withdrawal request via PAYTM — ₹500', NULL, '2026-05-01T14:16:03.860199') ON CONFLICT (id) DO NOTHING;
INSERT INTO wallet_transactions ("id", "user_id", "driver_id", "type", "amount", "description", "ride_id", "created_at") VALUES (45, NULL, 18, 'credit', 500, 'Admin se manual credit — ₹500 [2026-05-01]', NULL, '2026-05-01T16:19:26.924946') ON CONFLICT (id) DO NOTHING;
INSERT INTO wallet_transactions ("id", "user_id", "driver_id", "type", "amount", "description", "ride_id", "created_at") VALUES (46, NULL, 18, 'withdrawal', -500, 'Withdrawal request via PAYTM — ₹500', NULL, '2026-05-01T16:20:29.709447') ON CONFLICT (id) DO NOTHING;
INSERT INTO wallet_transactions ("id", "user_id", "driver_id", "type", "amount", "description", "ride_id", "created_at") VALUES (47, NULL, 18, 'credit', 5000, 'Admin se manual credit — ₹5000 [2026-05-01]', NULL, '2026-05-01T16:21:11.984065') ON CONFLICT (id) DO NOTHING;
INSERT INTO wallet_transactions ("id", "user_id", "driver_id", "type", "amount", "description", "ride_id", "created_at") VALUES (48, NULL, 18, 'withdrawal', -5000, 'Withdrawal request via PAYTM — ₹5000', NULL, '2026-05-01T16:23:49.257863') ON CONFLICT (id) DO NOTHING;

-- Table: withdrawal_requests (22 rows)
INSERT INTO withdrawal_requests ("id", "driver_id", "amount", "method", "account_details", "status", "processed_at", "processed_by", "rejection_reason", "transaction_ref", "created_at", "razorpay_payout_id", "auto_processed", "validation_error", "processing_note") VALUES (5, 15, 200, 'upi', '9012317388', 'rejected', '2026-05-01T11:57:30.907', 'auto-system', 'Account details validation failed: UPI ID format galat hai: "9012317388" — example: 9876543210@upi ya name@okaxis', NULL, '2026-05-01T11:57:30.89942', NULL, 'rejected', 'UPI ID format galat hai: "9012317388" — example: 9876543210@upi ya name@okaxis', 'Automatic rejection — account details format galat tha') ON CONFLICT (id) DO NOTHING;
INSERT INTO withdrawal_requests ("id", "driver_id", "amount", "method", "account_details", "status", "processed_at", "processed_by", "rejection_reason", "transaction_ref", "created_at", "razorpay_payout_id", "auto_processed", "validation_error", "processing_note") VALUES (6, 15, 500, 'upi', '9012317388upi', 'rejected', '2026-05-01T11:59:42.192', 'auto-system', 'Account details validation failed: UPI ID format galat hai: "9012317388upi" — example: 9876543210@upi ya name@okaxis', NULL, '2026-05-01T11:59:42.185914', NULL, 'rejected', 'UPI ID format galat hai: "9012317388upi" — example: 9876543210@upi ya name@okaxis', 'Automatic rejection — account details format galat tha') ON CONFLICT (id) DO NOTHING;
INSERT INTO withdrawal_requests ("id", "driver_id", "amount", "method", "account_details", "status", "processed_at", "processed_by", "rejection_reason", "transaction_ref", "created_at", "razorpay_payout_id", "auto_processed", "validation_error", "processing_note") VALUES (7, 15, 500, 'paytm', '9012317388', 'approved', '2026-05-01T12:03:45.262', 'admin', NULL, 'TXN1777637025262', '2026-05-01T12:00:21.86529', NULL, 'payout_failed', 'Contact creation failed: Contact number contains invalid characters, only digits and + symbol are allowed', 'Validation passed ✅ | Payout failed: Contact creation failed: Contact number contains invalid characters, only digits and + symbol are allowed') ON CONFLICT (id) DO NOTHING;
INSERT INTO withdrawal_requests ("id", "driver_id", "amount", "method", "account_details", "status", "processed_at", "processed_by", "rejection_reason", "transaction_ref", "created_at", "razorpay_payout_id", "auto_processed", "validation_error", "processing_note") VALUES (8, 15, 500, 'paytm', '9012317388', 'approved', '2026-05-01T12:08:26.365', 'admin', NULL, 'TXN1777637306365', '2026-05-01T12:06:25.714013', NULL, 'payout_failed', 'Contact creation failed: Contact number contains invalid characters, only digits and + symbol are allowed', 'Validation passed ✅ | Payout failed: Contact creation failed: Contact number contains invalid characters, only digits and + symbol are allowed') ON CONFLICT (id) DO NOTHING;
INSERT INTO withdrawal_requests ("id", "driver_id", "amount", "method", "account_details", "status", "processed_at", "processed_by", "rejection_reason", "transaction_ref", "created_at", "razorpay_payout_id", "auto_processed", "validation_error", "processing_note") VALUES (9, 15, 500, 'paytm', '9012317387', 'rejected', '2026-05-01T12:11:15.85', 'admin', 'Wrong Details', NULL, '2026-05-01T12:10:30.86381', NULL, 'payout_failed', 'Contact creation failed: Contact number contains invalid characters, only digits and + symbol are allowed', 'Validation passed ✅ | Payout failed: Contact creation failed: Contact number contains invalid characters, only digits and + symbol are allowed') ON CONFLICT (id) DO NOTHING;
INSERT INTO withdrawal_requests ("id", "driver_id", "amount", "method", "account_details", "status", "processed_at", "processed_by", "rejection_reason", "transaction_ref", "created_at", "razorpay_payout_id", "auto_processed", "validation_error", "processing_note") VALUES (10, 15, 500, 'upi', '3567577574upi', 'rejected', '2026-05-01T12:14:50.846', 'auto-system', 'Account details validation failed: UPI ID format galat hai: "3567577574upi" — example: 9876543210@upi ya name@okaxis', NULL, '2026-05-01T12:14:50.832791', NULL, 'rejected', 'UPI ID format galat hai: "3567577574upi" — example: 9876543210@upi ya name@okaxis', 'Automatic rejection — account details format galat tha') ON CONFLICT (id) DO NOTHING;
INSERT INTO withdrawal_requests ("id", "driver_id", "amount", "method", "account_details", "status", "processed_at", "processed_by", "rejection_reason", "transaction_ref", "created_at", "razorpay_payout_id", "auto_processed", "validation_error", "processing_note") VALUES (11, 15, 500, 'upi', '4645487965@upi', 'rejected', '2026-05-01T12:22:46.193', 'admin', 'Admin ne reject kiya', NULL, '2026-05-01T12:15:42.020683', NULL, 'payout_failed', 'Contact creation failed: Contact number contains invalid characters, only digits and + symbol are allowed', 'Validation passed ✅ | Payout failed: Contact creation failed: Contact number contains invalid characters, only digits and + symbol are allowed') ON CONFLICT (id) DO NOTHING;
INSERT INTO withdrawal_requests ("id", "driver_id", "amount", "method", "account_details", "status", "processed_at", "processed_by", "rejection_reason", "transaction_ref", "created_at", "razorpay_payout_id", "auto_processed", "validation_error", "processing_note") VALUES (12, 15, 500, 'upi', '9565675765@upi', 'rejected', '2026-05-01T12:26:03.547', 'admin', 'Admin ne reject kiya', NULL, '2026-05-01T12:23:27.426818', NULL, 'payout_failed', 'Contact creation failed: Contact number contains invalid characters, only digits and + symbol are allowed', 'Validation passed ✅ | Payout failed: Contact creation failed: Contact number contains invalid characters, only digits and + symbol are allowed') ON CONFLICT (id) DO NOTHING;
INSERT INTO withdrawal_requests ("id", "driver_id", "amount", "method", "account_details", "status", "processed_at", "processed_by", "rejection_reason", "transaction_ref", "created_at", "razorpay_payout_id", "auto_processed", "validation_error", "processing_note") VALUES (13, 15, 500, 'paytm', '9012317388', 'approved', '2026-05-01T13:33:38.542', 'admin', NULL, 'TXN1777642418542', '2026-05-01T13:31:18.556221', NULL, 'payout_failed', 'Contact creation failed: Contact number contains invalid characters, only digits and + symbol are allowed', 'Validation passed ✅ | Payout failed: Contact creation failed: Contact number contains invalid characters, only digits and + symbol are allowed') ON CONFLICT (id) DO NOTHING;
INSERT INTO withdrawal_requests ("id", "driver_id", "amount", "method", "account_details", "status", "processed_at", "processed_by", "rejection_reason", "transaction_ref", "created_at", "razorpay_payout_id", "auto_processed", "validation_error", "processing_note") VALUES (14, 15, 200, 'paytm', '5646757687', 'rejected', '2026-05-01T13:40:16.153', 'auto-system', 'Account details validation failed: Paytm ke liye valid 10-digit mobile number ya UPI ID dein', NULL, '2026-05-01T13:40:16.063226', NULL, 'rejected', 'Paytm ke liye valid 10-digit mobile number ya UPI ID dein', 'Automatic rejection — account details format galat tha') ON CONFLICT (id) DO NOTHING;
INSERT INTO withdrawal_requests ("id", "driver_id", "amount", "method", "account_details", "status", "processed_at", "processed_by", "rejection_reason", "transaction_ref", "created_at", "razorpay_payout_id", "auto_processed", "validation_error", "processing_note") VALUES (15, 15, 200, 'paytm', '4578654997', 'rejected', '2026-05-01T13:40:50.924', 'auto-system', 'Account details validation failed: Paytm ke liye valid 10-digit mobile number ya UPI ID dein', NULL, '2026-05-01T13:40:50.919032', NULL, 'rejected', 'Paytm ke liye valid 10-digit mobile number ya UPI ID dein', 'Automatic rejection — account details format galat tha') ON CONFLICT (id) DO NOTHING;
INSERT INTO withdrawal_requests ("id", "driver_id", "amount", "method", "account_details", "status", "processed_at", "processed_by", "rejection_reason", "transaction_ref", "created_at", "razorpay_payout_id", "auto_processed", "validation_error", "processing_note") VALUES (16, 15, 200, 'paytm', '9012317388', 'approved', '2026-05-01T13:42:26.797', 'admin', NULL, 'TXN1777642946797', '2026-05-01T13:41:23.566788', NULL, 'payout_failed', 'Contact creation failed: Contact number contains invalid characters, only digits and + symbol are allowed', 'Validation passed ✅ | Payout failed: Contact creation failed: Contact number contains invalid characters, only digits and + symbol are allowed') ON CONFLICT (id) DO NOTHING;
INSERT INTO withdrawal_requests ("id", "driver_id", "amount", "method", "account_details", "status", "processed_at", "processed_by", "rejection_reason", "transaction_ref", "created_at", "razorpay_payout_id", "auto_processed", "validation_error", "processing_note") VALUES (17, 15, 200, 'upi', '9012317288', 'rejected', '2026-05-01T13:42:57.42', 'auto-system', 'Account details validation failed: UPI ID format galat hai: "9012317288" — example: 9876543210@upi ya name@okaxis', NULL, '2026-05-01T13:42:57.416233', NULL, 'rejected', 'UPI ID format galat hai: "9012317288" — example: 9876543210@upi ya name@okaxis', 'Automatic rejection — account details format galat tha') ON CONFLICT (id) DO NOTHING;
INSERT INTO withdrawal_requests ("id", "driver_id", "amount", "method", "account_details", "status", "processed_at", "processed_by", "rejection_reason", "transaction_ref", "created_at", "razorpay_payout_id", "auto_processed", "validation_error", "processing_note") VALUES (18, 15, 200, 'upi', '9012317388@upi', 'rejected', '2026-05-01T13:44:45.093', 'admin', 'Wrong Payment Details', NULL, '2026-05-01T13:43:58.04389', NULL, 'payout_failed', 'Contact creation failed: Contact number contains invalid characters, only digits and + symbol are allowed', 'Validation passed ✅ | Payout failed: Contact creation failed: Contact number contains invalid characters, only digits and + symbol are allowed') ON CONFLICT (id) DO NOTHING;
INSERT INTO withdrawal_requests ("id", "driver_id", "amount", "method", "account_details", "status", "processed_at", "processed_by", "rejection_reason", "transaction_ref", "created_at", "razorpay_payout_id", "auto_processed", "validation_error", "processing_note") VALUES (19, 15, 200, 'paytm', '9012317388', 'approved', '2026-05-01T13:46:49.182', 'admin', NULL, 'TXN1777643209182', '2026-05-01T13:46:36.347311', NULL, 'payout_failed', 'Contact creation failed: Contact number contains invalid characters, only digits and + symbol are allowed', 'Validation passed ✅ | Payout failed: Contact creation failed: Contact number contains invalid characters, only digits and + symbol are allowed') ON CONFLICT (id) DO NOTHING;
INSERT INTO withdrawal_requests ("id", "driver_id", "amount", "method", "account_details", "status", "processed_at", "processed_by", "rejection_reason", "transaction_ref", "created_at", "razorpay_payout_id", "auto_processed", "validation_error", "processing_note") VALUES (20, 15, 200, 'paytm', '9012317388', 'rejected', '2026-05-01T14:02:42.459', 'admin', 'Wrong Details', NULL, '2026-05-01T13:47:20.276901', NULL, 'payout_failed', 'Contact creation failed: Contact number contains invalid characters, only digits and + symbol are allowed', 'Validation passed ✅ | Payout failed: Contact creation failed: Contact number contains invalid characters, only digits and + symbol are allowed') ON CONFLICT (id) DO NOTHING;
INSERT INTO withdrawal_requests ("id", "driver_id", "amount", "method", "account_details", "status", "processed_at", "processed_by", "rejection_reason", "transaction_ref", "created_at", "razorpay_payout_id", "auto_processed", "validation_error", "processing_note") VALUES (21, 15, 200, 'upi', '9012317388', 'rejected', '2026-05-01T14:03:46.412', 'auto-system', 'Account details validation failed: UPI ID format galat hai: "9012317388" — example: 9876543210@upi ya name@okaxis', NULL, '2026-05-01T14:03:46.405478', NULL, 'rejected', 'UPI ID format galat hai: "9012317388" — example: 9876543210@upi ya name@okaxis', 'Automatic rejection — account details format galat tha') ON CONFLICT (id) DO NOTHING;
INSERT INTO withdrawal_requests ("id", "driver_id", "amount", "method", "account_details", "status", "processed_at", "processed_by", "rejection_reason", "transaction_ref", "created_at", "razorpay_payout_id", "auto_processed", "validation_error", "processing_note") VALUES (22, 15, 200, 'upi', '9012317388', 'rejected', '2026-05-01T14:05:16.626', 'auto-system', 'Account details validation failed: UPI ID format galat hai: "9012317388" — example: 9876543210@upi ya name@okaxis', NULL, '2026-05-01T14:05:16.611659', NULL, 'rejected', 'UPI ID format galat hai: "9012317388" — example: 9876543210@upi ya name@okaxis', 'Automatic rejection — account details format galat tha') ON CONFLICT (id) DO NOTHING;
INSERT INTO withdrawal_requests ("id", "driver_id", "amount", "method", "account_details", "status", "processed_at", "processed_by", "rejection_reason", "transaction_ref", "created_at", "razorpay_payout_id", "auto_processed", "validation_error", "processing_note") VALUES (23, 16, 500, 'upi', '8218542218', 'rejected', '2026-05-01T14:14:06.631', 'auto-system', '❌ Auto-Rejected: Account details validation failed: UPI ID format galat hai', NULL, '2026-05-01T14:14:06.625707', NULL, 'rejected', 'Account details validation failed: UPI ID format galat hai', 'Automatic rejection — Account details validation failed: UPI ID format galat hai') ON CONFLICT (id) DO NOTHING;
INSERT INTO withdrawal_requests ("id", "driver_id", "amount", "method", "account_details", "status", "processed_at", "processed_by", "rejection_reason", "transaction_ref", "created_at", "razorpay_payout_id", "auto_processed", "validation_error", "processing_note") VALUES (24, 16, 500, 'paytm', '8374846277', 'approved', '2026-05-01T14:17:58.816', 'admin', NULL, 'TXN1777645078816', '2026-05-01T14:16:03.848863', NULL, 'payout_failed', 'Contact creation failed: Contact number contains invalid characters, only digits and + symbol are allowed', 'Validation passed ✅ | Payout failed: Contact creation failed: Contact number contains invalid characters, only digits and + symbol are allowed') ON CONFLICT (id) DO NOTHING;
INSERT INTO withdrawal_requests ("id", "driver_id", "amount", "method", "account_details", "status", "processed_at", "processed_by", "rejection_reason", "transaction_ref", "created_at", "razorpay_payout_id", "auto_processed", "validation_error", "processing_note") VALUES (25, 18, 500, 'paytm', '9012317388', 'approved', '2026-05-01T16:20:44.753', 'admin', NULL, 'TXN1777652444753', '2026-05-01T16:20:29.696932', NULL, 'payout_failed', 'Contact creation failed: Contact number contains invalid characters, only digits and + symbol are allowed', 'Validation passed ✅ | Payout failed: Contact creation failed: Contact number contains invalid characters, only digits and + symbol are allowed') ON CONFLICT (id) DO NOTHING;
INSERT INTO withdrawal_requests ("id", "driver_id", "amount", "method", "account_details", "status", "processed_at", "processed_by", "rejection_reason", "transaction_ref", "created_at", "razorpay_payout_id", "auto_processed", "validation_error", "processing_note") VALUES (26, 18, 5000, 'paytm', '7363747463', 'rejected', '2026-05-01T16:24:15.667', 'admin', 'Admin ne reject kiya', NULL, '2026-05-01T16:23:49.253963', NULL, 'payout_failed', 'Contact creation failed: Contact number contains invalid characters, only digits and + symbol are allowed', 'Validation passed ✅ | Payout failed: Contact creation failed: Contact number contains invalid characters, only digits and + symbol are allowed') ON CONFLICT (id) DO NOTHING;

-- Verify after import:
SELECT 'users' as tbl, COUNT(*) as rows FROM users;
SELECT 'drivers' as tbl, COUNT(*) as rows FROM drivers;
SELECT 'rides' as tbl, COUNT(*) as rows FROM rides;
SELECT 'wallet_transactions' as tbl, COUNT(*) as rows FROM wallet_transactions;
SELECT 'withdrawal_requests' as tbl, COUNT(*) as rows FROM withdrawal_requests;
